id_usuario,id_pelicula,fecha
1,85,2021-07-26
1,83,2021-08-18
1,74,2021-09-13
1,7,2021-09-22
1,32,2021-10-23
1,73,2021-10-29
1,42,2021-11-14
1,72,2021-12-12
1,1,2021-12-13
1,72,2021-12-15
1,70,2021-12-16
2,93,2020-09-17
2,66,2021-02-15
2,5,2021-03-24
2,96,2021-04-14
2,42,2021-07-23
2,76,2021-07-24
2,49,2021-08-22
2,101,2021-09-13
2,100,2021-11-22
2,27,2021-11-25
2,7,2021-12-15
2,50,2021-12-29
3,50,2020-08-31
3,101,2021-10-17
4,48,2020-08-08
4,81,2020-08-09
4,83,2020-08-24
4,54,2020-08-27
4,23,2020-08-29
4,39,2020-09-09
4,21,2020-12-05
4,82,2020-12-15
4,75,2021-01-08
4,100,2021-02-06
4,26,2021-03-04
4,75,2021-04-12
4,35,2021-05-07
4,26,2021-05-18
4,20,2021-06-06
4,31,2021-08-02
4,39,2021-08-23
4,42,2021-09-27
5,13,2020-12-24
5,31,2021-02-15
5,44,2021-04-19
5,44,2021-05-31
5,66,2021-09-30
5,64,2021-11-15
5,75,2021-11-15
5,62,2021-11-19
5,64,2021-11-19
5,8,2021-11-20
5,42,2021-11-21
5,48,2021-11-24
5,5,2021-12-04
5,97,2021-12-09
5,13,2021-12-13
6,62,2020-09-25
6,78,2020-10-30
6,13,2020-11-01
6,9,2021-01-30
6,74,2021-02-11
6,62,2021-12-10
7,36,2021-08-04
7,13,2021-08-06
7,54,2021-10-12
7,62,2021-11-05
7,5,2021-11-06
7,9,2021-11-17
7,54,2021-11-20
7,65,2021-12-14
7,5,2021-12-21
7,78,2021-12-22
7,84,2021-12-29
7,80,2021-12-30
8,78,2021-05-01
8,80,2021-05-01
8,38,2021-06-12
8,75,2021-10-13
9,86,2021-08-14
9,31,2021-10-30
9,73,2021-10-30
9,20,2021-10-31
9,44,2021-11-01
9,45,2021-11-01
9,73,2021-11-01
9,20,2021-11-02
9,66,2021-11-04
9,66,2021-11-05
9,99,2021-11-05
9,13,2021-11-07
9,30,2021-11-07
9,97,2021-11-07
9,99,2021-11-09
9,45,2021-11-10
9,31,2021-11-11
9,97,2021-11-11
10,76,2021-09-13
10,86,2021-11-21
11,95,2020-12-08
11,45,2021-02-03
11,5,2021-02-07
11,65,2021-02-18
11,21,2021-03-05
11,20,2021-06-19
11,26,2021-09-09
11,38,2021-09-16
11,83,2021-09-22
11,77,2021-12-03
12,88,2021-01-21
12,51,2021-01-30
12,27,2021-03-12
12,48,2021-04-05
12,54,2021-04-14
12,50,2021-06-01
12,5,2021-09-10
12,29,2021-09-27
12,2,2021-11-04
12,83,2021-11-06
12,50,2021-11-17
12,90,2021-12-27
13,48,2020-11-29
13,5,2021-05-05
13,27,2021-05-07
13,7,2021-06-11
13,34,2021-09-29
13,42,2021-09-30
14,51,2020-12-06
14,7,2021-09-15
15,37,2020-10-01
15,37,2021-05-07
15,34,2021-10-06
15,35,2021-11-22
15,60,2021-11-29
16,54,2021-06-07
16,101,2021-09-26
16,83,2021-10-14
16,81,2021-11-02
17,95,2020-06-11
17,48,2020-07-06
17,65,2020-09-20
17,39,2020-09-22
17,83,2020-09-28
17,17,2020-10-07
17,50,2021-01-02
17,50,2021-03-03
17,88,2021-03-03
17,5,2021-03-26
17,83,2021-03-30
17,61,2021-04-20
17,75,2021-04-24
17,81,2021-05-02
17,81,2021-07-03
17,88,2021-07-21
17,26,2021-08-04
17,61,2021-08-10
17,65,2021-09-03
17,5,2021-09-25
17,95,2021-10-09
17,51,2021-11-10
18,34,2021-04-20
18,48,2021-07-18
18,32,2021-12-08
18,7,2021-12-25
19,32,2020-06-25
19,70,2020-07-01
19,8,2020-07-14
19,82,2020-08-14
19,35,2020-08-25
19,48,2020-09-02
19,42,2020-09-15
19,65,2020-09-22
19,8,2020-09-30
19,70,2020-10-04
19,64,2020-10-05
19,38,2021-03-23
19,5,2021-06-08
19,83,2021-09-24
19,19,2021-10-20
19,1,2021-12-09
19,96,2021-12-11
19,72,2021-12-17
19,5,2021-12-20
19,20,2021-12-28
20,86,2020-07-01
20,88,2021-08-15
20,51,2021-08-17
20,48,2021-08-29
20,85,2021-09-22
20,48,2021-09-29
20,54,2021-09-29
20,81,2021-10-12
20,81,2021-10-24
20,5,2021-10-26
20,50,2021-11-08
20,88,2021-11-17
20,5,2021-11-23
20,54,2021-11-26
20,83,2021-12-04
20,65,2021-12-12
20,50,2021-12-19
20,65,2021-12-21
21,45,2020-08-24
21,66,2020-08-30
21,13,2020-10-06
21,97,2020-10-30
21,48,2021-06-10
21,20,2021-06-13
21,35,2021-06-18
21,2,2021-07-15
21,36,2021-09-19
21,13,2021-09-24
21,75,2021-09-28
21,62,2021-10-16
21,75,2021-11-03
21,13,2021-11-16
22,72,2020-06-26
22,61,2021-11-13
22,86,2021-11-16
22,54,2021-12-10
22,53,2021-12-23
23,1,2021-02-28
23,19,2021-05-23
23,100,2021-08-28
23,54,2021-08-31
24,77,2020-12-11
24,48,2020-12-18
24,5,2020-12-27
24,33,2021-01-04
24,38,2021-03-22
24,80,2021-04-25
24,43,2021-06-25
24,77,2021-07-09
24,14,2021-08-02
24,54,2021-08-04
24,38,2021-12-08
24,95,2021-12-29
25,100,2020-12-02
25,51,2021-02-27
25,26,2021-06-23
25,48,2021-07-28
25,78,2021-08-24
25,86,2021-10-03
26,65,2020-09-11
26,45,2021-01-18
26,78,2021-07-12
26,13,2021-07-22
26,88,2021-11-03
26,65,2021-11-08
27,65,2021-06-16
27,41,2021-07-26
27,72,2021-09-13
28,45,2020-08-25
28,31,2020-12-21
28,101,2021-02-25
28,99,2021-03-13
28,64,2021-04-11
28,99,2021-04-19
28,50,2021-06-05
28,2,2021-08-09
28,38,2021-09-04
28,90,2021-09-11
28,42,2021-11-25
28,72,2021-12-14
29,40,2021-08-27
29,93,2021-08-30
30,53,2021-06-01
30,90,2021-06-07
30,2,2021-06-08
30,100,2021-06-23
30,75,2021-07-22
30,61,2021-10-04
30,26,2021-12-19
31,31,2020-11-13
31,19,2020-12-15
31,75,2021-01-11
31,19,2021-02-26
31,45,2021-04-19
31,97,2021-05-11
31,42,2021-06-02
31,44,2021-08-20
31,73,2021-09-23
31,99,2021-10-02
31,33,2021-11-27
31,38,2021-11-27
31,54,2021-11-27
31,77,2021-11-28
31,48,2021-12-02
31,34,2021-12-09
31,38,2021-12-12
31,37,2021-12-24
32,42,2021-05-09
32,88,2021-06-15
32,65,2021-10-18
32,5,2021-11-16
32,19,2021-11-21
32,38,2021-12-11
32,21,2021-12-15
32,78,2021-12-23
33,100,2020-09-24
33,99,2021-10-14
33,64,2021-10-18
33,82,2021-11-19
33,30,2021-11-26
34,80,2020-12-25
34,80,2021-03-18
34,51,2021-07-10
35,23,2020-10-18
35,95,2021-03-07
35,48,2021-03-26
35,39,2021-03-30
35,75,2021-04-21
35,32,2021-05-03
35,42,2021-05-23
35,82,2021-06-08
35,70,2021-06-15
35,49,2021-06-21
35,35,2021-08-01
35,20,2021-08-02
35,5,2021-08-22
35,21,2021-09-16
35,21,2021-10-29
35,75,2021-11-07
35,19,2021-12-21
35,82,2021-12-24
36,60,2020-08-15
36,95,2020-10-09
36,45,2020-11-28
36,5,2020-12-27
36,49,2021-04-12
36,21,2021-04-19
36,75,2021-07-11
36,17,2021-07-13
36,83,2021-12-10
36,68,2021-12-20
37,54,2021-04-22
37,76,2021-05-24
37,48,2021-07-26
37,17,2021-07-27
37,75,2021-09-29
37,99,2021-10-04
37,42,2021-10-19
37,40,2021-11-21
38,97,2020-12-23
38,31,2020-12-28
38,44,2021-03-22
38,100,2021-03-25
38,33,2021-06-03
39,99,2021-04-04
39,83,2021-06-12
39,45,2021-06-18
39,75,2021-07-14
39,80,2021-07-18
39,99,2021-09-26
39,66,2021-12-14
40,65,2021-02-10
40,31,2021-07-01
40,5,2021-07-02
40,82,2021-07-22
40,48,2021-08-19
40,99,2021-09-01
40,95,2021-09-27
40,70,2021-10-09
40,80,2021-11-25
40,97,2021-11-29
40,20,2021-12-08
40,64,2021-12-12
41,100,2020-08-29
41,48,2020-12-13
41,65,2020-12-31
41,8,2021-01-09
41,77,2021-04-16
41,26,2021-05-03
41,86,2021-05-03
41,33,2021-06-28
41,37,2021-08-10
41,38,2021-08-17
41,26,2021-08-30
41,75,2021-08-30
41,100,2021-10-04
41,2,2021-12-14
42,99,2020-11-04
42,73,2020-11-21
42,66,2020-11-28
42,13,2021-02-02
42,31,2021-04-04
42,97,2021-05-08
43,36,2021-05-21
43,64,2021-07-27
43,20,2021-08-25
43,8,2021-10-20
43,59,2021-10-26
43,85,2021-10-31
43,74,2021-11-10
43,83,2021-11-12
43,70,2021-11-26
44,2,2020-10-07
44,26,2021-09-17
44,39,2021-09-26
44,75,2021-10-06
44,88,2021-12-03
44,45,2021-12-14
45,72,2020-05-30
45,68,2020-05-31
45,99,2020-07-24
45,48,2020-08-29
45,37,2020-09-25
45,38,2020-09-29
45,79,2020-11-09
45,34,2021-03-13
45,19,2021-07-02
45,21,2021-07-13
45,49,2021-09-25
45,65,2021-09-26
45,49,2021-10-07
45,45,2021-11-02
46,27,2020-06-06
46,82,2020-11-20
46,82,2020-12-14
46,5,2021-01-24
46,72,2021-01-26
46,96,2021-02-11
46,20,2021-03-11
46,66,2021-03-14
46,50,2021-04-02
46,35,2021-05-04
46,42,2021-06-20
46,95,2021-07-08
46,75,2021-07-09
46,75,2021-08-25
46,42,2021-09-16
46,45,2021-11-26
46,5,2021-12-11
47,95,2020-09-28
47,48,2020-10-30
47,48,2021-01-08
47,82,2021-01-14
47,88,2021-02-15
47,64,2021-02-17
47,21,2021-04-25
47,82,2021-05-02
48,38,2020-11-16
48,65,2020-11-19
48,99,2020-12-28
48,5,2021-01-02
48,80,2021-02-20
48,13,2021-03-01
48,20,2021-03-08
48,86,2021-03-25
48,19,2021-04-27
48,44,2021-07-31
48,99,2021-10-03
48,20,2021-10-04
48,95,2021-10-06
48,31,2021-10-13
48,73,2021-10-31
48,65,2021-11-12
48,49,2021-11-20
48,97,2021-12-22
49,2,2021-06-19
49,77,2021-12-02
50,78,2020-09-14
50,2,2021-03-20
50,80,2021-05-07
50,35,2021-06-04
50,75,2021-06-08
50,83,2021-07-13
50,100,2021-07-15
50,14,2021-08-02
50,23,2021-09-18
50,43,2021-10-06
50,75,2021-10-09
50,99,2021-10-16
50,75,2021-10-23
50,54,2021-10-25
50,8,2021-12-12
50,2,2021-12-16
50,32,2021-12-18
50,42,2021-12-22
51,64,2020-09-11
51,72,2020-12-08
51,68,2020-12-09
51,72,2021-01-03
51,75,2021-06-27
51,61,2021-07-11
52,95,2020-10-22
52,75,2020-12-28
52,54,2021-07-29
52,5,2021-08-22
52,31,2021-10-12
52,73,2021-11-01
52,5,2021-11-08
52,30,2021-11-21
52,66,2021-11-28
53,13,2021-11-22
53,13,2021-11-23
53,36,2021-11-23
53,74,2021-11-23
53,84,2021-11-23
53,78,2021-11-24
53,5,2021-11-25
53,5,2021-11-25
53,9,2021-11-25
53,62,2021-11-25
53,84,2021-11-25
54,43,2021-03-09
54,95,2021-05-19
54,88,2021-08-15
54,74,2021-10-12
55,100,2020-09-06
55,27,2020-09-18
55,27,2020-10-02
55,29,2021-02-06
55,78,2021-03-31
55,64,2021-05-12
55,100,2021-05-19
55,78,2021-05-26
55,76,2021-09-05
55,84,2021-09-19
55,100,2021-10-16
55,39,2021-12-12
55,54,2021-12-16
56,60,2020-09-26
56,35,2021-06-13
56,82,2021-07-17
56,101,2021-08-19
56,93,2021-10-06
56,40,2021-11-06
57,36,2021-01-24
57,48,2021-06-16
57,99,2021-07-17
57,84,2021-07-30
57,77,2021-08-12
57,54,2021-09-10
57,101,2021-11-21
57,75,2021-11-23
57,23,2021-12-11
58,43,2020-06-03
58,80,2021-03-03
58,2,2021-04-15
58,65,2021-08-06
58,60,2021-10-02
58,42,2021-11-30
58,50,2021-12-16
58,35,2021-12-30
59,13,2020-08-28
59,73,2021-01-24
59,31,2021-01-25
59,20,2021-01-30
59,97,2021-03-09
59,66,2021-04-01
59,97,2021-04-16
59,73,2021-05-19
59,79,2021-08-11
59,68,2021-08-16
59,33,2021-12-09
59,76,2021-12-11
59,33,2021-12-29
59,38,2021-12-30
60,96,2020-07-27
60,20,2020-07-28
60,66,2020-10-24
60,17,2020-10-30
60,60,2020-10-30
60,1,2020-11-10
60,82,2020-12-14
60,50,2021-01-23
60,65,2021-06-20
60,53,2021-07-18
60,17,2021-08-23
60,26,2021-08-28
61,5,2021-04-05
61,2,2021-07-04
62,81,2021-06-02
62,5,2021-08-10
62,60,2021-08-15
62,101,2021-08-15
62,54,2021-10-27
62,81,2021-12-11
62,11,2021-12-22
63,21,2020-11-24
63,97,2021-03-03
63,51,2021-04-30
63,1,2021-05-03
63,62,2021-09-21
63,20,2021-12-07
64,64,2021-05-07
64,59,2021-05-22
64,73,2021-08-03
64,39,2021-09-01
64,48,2021-09-09
64,21,2021-09-13
64,17,2021-10-02
64,31,2021-11-18
65,84,2021-01-08
65,13,2021-01-11
65,9,2021-02-26
65,31,2021-05-06
65,78,2021-06-01
65,62,2021-06-03
65,5,2021-07-14
65,82,2021-07-23
65,1,2021-07-29
65,96,2021-08-05
65,74,2021-08-06
65,20,2021-08-16
65,5,2021-09-14
65,72,2021-09-26
65,66,2021-10-12
65,31,2021-12-13
66,75,2021-08-03
66,85,2021-10-24
67,80,2021-05-03
67,43,2021-06-14
67,50,2021-07-26
67,51,2021-09-04
67,37,2021-09-07
67,80,2021-09-16
67,76,2021-09-24
67,81,2021-10-04
67,40,2021-10-10
67,100,2021-10-13
67,48,2021-11-24
67,48,2021-12-14
68,77,2021-03-21
68,48,2021-04-14
68,100,2021-06-04
68,88,2021-06-07
68,68,2021-06-11
68,8,2021-08-28
68,74,2021-09-24
68,54,2021-10-21
68,61,2021-10-22
68,33,2021-10-31
68,53,2021-11-27
68,95,2021-12-08
69,83,2021-05-22
69,19,2021-06-09
69,83,2021-07-10
69,85,2021-10-09
69,35,2021-10-31
70,40,2021-02-27
70,93,2021-06-01
70,49,2021-09-01
70,38,2021-10-21
71,64,2021-06-17
71,82,2021-06-29
71,82,2021-10-22
71,86,2021-12-19
72,1,2020-06-18
72,54,2020-08-20
72,5,2020-08-28
72,82,2020-10-19
72,36,2020-11-09
72,36,2020-11-21
72,5,2020-12-23
72,96,2021-02-12
72,66,2021-03-06
72,20,2021-04-06
72,72,2021-04-16
72,84,2021-04-29
72,93,2021-05-20
72,40,2021-05-23
72,74,2021-06-30
72,99,2021-07-12
72,82,2021-08-15
72,40,2021-09-03
72,93,2021-11-20
72,62,2021-11-29
72,72,2021-12-02
72,101,2021-12-04
73,83,2021-01-03
73,81,2021-03-09
73,48,2021-08-18
73,19,2021-08-29
74,53,2020-11-15
74,19,2021-09-29
74,7,2021-11-18
74,75,2021-12-12
75,48,2021-02-13
75,85,2021-12-05
75,35,2021-12-11
75,83,2021-12-11
76,90,2020-08-27
76,74,2021-03-05
76,48,2021-05-13
76,35,2021-08-25
77,42,2020-10-20
77,54,2020-11-08
77,33,2021-01-01
77,38,2021-02-24
77,77,2021-10-13
77,17,2021-11-08
80,5,2021-06-01
80,96,2021-06-02
80,66,2021-06-22
80,20,2021-07-14
80,5,2021-07-24
80,101,2021-09-21
80,20,2021-09-28
80,1,2021-09-29
80,82,2021-10-16
80,72,2021-12-25
82,38,2020-12-31
82,33,2021-01-06
82,34,2021-02-27
82,100,2021-04-09
82,77,2021-07-09
82,76,2021-08-18
82,99,2021-08-30
82,100,2021-09-19
87,42,2021-07-12
87,41,2021-08-01
87,40,2021-08-28
87,65,2021-09-08
87,50,2021-10-13
87,101,2021-11-10
87,93,2021-11-16
87,93,2021-11-16
87,72,2021-12-17
90,64,2020-09-03
90,94,2020-10-23
90,54,2020-11-01
90,38,2020-11-21
90,48,2021-01-09
90,37,2021-06-19
90,33,2021-07-29
90,93,2021-09-10
90,40,2021-09-24
90,50,2021-10-17
90,59,2021-12-15
90,77,2021-12-24
92,53,2020-11-21
92,39,2021-02-01
92,37,2021-02-06
92,54,2021-03-17
92,100,2021-03-20
92,17,2021-04-18
92,42,2021-05-04
92,35,2021-07-23
92,99,2021-08-05
92,85,2021-08-08
92,7,2021-10-03
92,48,2021-12-10
92,21,2021-12-11
92,75,2021-12-12
92,19,2021-12-26
93,36,2020-12-12
93,42,2021-03-18
93,64,2021-05-18
93,5,2021-06-29
93,70,2021-08-08
93,96,2021-09-09
93,1,2021-11-13
93,1,2021-11-14
93,35,2021-11-14
93,5,2021-12-07
93,35,2021-12-08
93,72,2021-12-08
93,21,2021-12-11
95,40,2021-06-23
95,85,2021-08-22
95,48,2021-08-31
95,65,2021-09-11
95,83,2021-10-03
95,51,2021-12-09
97,50,2021-03-27
97,101,2021-03-31
97,99,2021-05-01
97,17,2021-05-26
97,41,2021-07-01
97,60,2021-10-08
97,54,2021-10-12
97,101,2021-10-18
97,65,2021-10-19
97,72,2021-10-27
97,60,2021-12-17
102,86,2021-12-17
102,86,2021-12-17
105,95,2020-12-22
105,82,2021-02-11
105,83,2021-04-13
105,61,2021-04-21
105,1,2021-05-08
105,5,2021-05-17
105,72,2021-06-21
105,85,2021-08-20
105,65,2021-10-14
105,26,2021-11-09
105,35,2021-11-09
105,81,2021-12-19
105,48,2021-12-23
106,19,2020-12-16
106,45,2020-12-25
106,72,2021-02-02
106,72,2021-03-14
106,26,2021-07-13
106,21,2021-12-13
106,48,2021-12-18
108,39,2021-07-01
108,14,2021-07-17
108,75,2021-10-27
108,31,2021-11-20
108,101,2021-12-14
115,37,2020-06-30
115,62,2020-07-04
115,99,2020-07-11
115,96,2020-08-23
115,37,2020-09-12
115,42,2020-10-14
115,40,2021-01-28
115,80,2021-01-28
115,83,2021-06-25
115,5,2021-09-07
115,88,2021-11-14
115,9,2021-12-04
119,21,2021-03-13
119,72,2021-06-29
119,1,2021-10-01
119,75,2021-10-05
119,5,2021-10-11
119,61,2021-10-16
119,54,2021-11-19
119,77,2021-11-23
119,42,2021-12-03
119,72,2021-12-05
119,64,2021-12-21
122,74,2021-03-03
122,36,2021-03-08
122,17,2021-03-12
122,61,2021-03-24
122,26,2021-07-21
122,39,2021-07-22
122,78,2021-08-17
122,9,2021-10-17
122,5,2021-12-16
122,62,2021-12-25
122,26,2021-12-27
123,74,2020-09-05
123,62,2020-09-30
123,74,2020-11-19
123,84,2021-01-28
123,78,2021-03-13
123,13,2021-06-06
130,51,2020-11-08
130,88,2020-11-15
130,85,2020-12-25
130,54,2021-01-04
130,51,2021-01-30
130,48,2021-04-23
130,65,2021-07-01
130,83,2021-07-04
130,17,2021-07-23
130,65,2021-07-25
130,41,2021-07-26
130,72,2021-07-29
130,88,2021-08-31
130,85,2021-09-04
130,72,2021-09-11
130,74,2021-10-13
130,52,2021-10-18
130,85,2021-10-30
130,7,2021-11-21
130,19,2021-11-21
130,60,2021-12-18
132,90,2021-06-21
132,27,2021-08-08
132,2,2021-09-05
132,100,2021-11-02
132,64,2021-11-20
132,29,2021-11-23
132,27,2021-11-29
132,5,2021-12-03
132,50,2021-12-08
132,59,2021-12-09
132,59,2021-12-21
133,40,2020-12-04
133,42,2021-03-06
133,20,2021-03-20
133,8,2021-07-20
133,62,2021-08-22
133,21,2021-09-20
133,38,2021-09-21
133,65,2021-09-22
133,49,2021-10-04
133,65,2021-10-05
133,74,2021-10-06
133,80,2021-10-07
133,19,2021-10-10
133,48,2021-12-16
134,21,2020-09-09
134,42,2020-09-26
134,64,2020-10-04
134,75,2020-10-11
134,85,2021-08-18
134,48,2021-09-20
134,50,2021-09-25
134,81,2021-09-30
134,21,2021-11-03
141,5,2020-07-08
141,31,2020-11-04
141,65,2020-11-28
141,51,2020-12-06
141,85,2021-01-31
141,7,2021-02-04
141,54,2021-02-09
141,60,2021-02-25
141,99,2021-03-04
141,35,2021-03-08
141,19,2021-03-19
141,90,2021-05-12
141,48,2021-07-23
142,99,2020-11-22
142,19,2021-04-14
142,21,2021-08-21
142,88,2021-08-24
142,81,2021-08-30
142,54,2021-09-04
142,96,2021-09-08
142,95,2021-09-12
142,75,2021-09-25
142,101,2021-09-30
142,70,2021-10-26
142,50,2021-11-12
142,49,2021-12-14
142,19,2021-12-18
142,80,2021-12-23
142,80,2021-12-23
142,21,2021-12-26
142,49,2021-12-30
146,5,2020-07-03
146,45,2021-07-04
146,19,2021-08-08
146,40,2021-09-01
146,5,2021-10-09
146,80,2021-12-02
146,49,2021-12-26
